ID,Name,Price,Type,ReservedBy
C005,Fujifilm X-T4,50.0,Camera,
C006,Blackmagic Pocket Cinema 6K,75.0,Camera,
C007,Leica Q2,90.0,Camera,
C008,GoPro Hero 11,30.0,Camera,
C009,Olympus OM-D E-M1 Mark III,50.0,Camera,
C010,Sony Alpha FX3,100.0,Camera,
L004,LED Panel Light,35.0,Lighting,
L005,Key Light Kit,40.0,Lighting,
L006,Fresnel Light,50.0,Lighting,
L007,Color Gel Lighting Kit,30.0,Lighting,
L008,Portable Flash,25.0,Lighting,
L009,Overhead Softbox,40.0,Lighting,
A004,Studio Condenser Mic,60.0,Audio,
A005,Wireless Lavalier System,50.0,Audio,
A006,Podcasting Mic,45.0,Audio,
A007,Field Recorder,80.0,Audio,
A008,Audio Mixer,70.0,Audio,
A009,Parabolic Mic,55.0,Audio,
A010,Voice Over Mic,50.0,Audio,
